-- phpMyAdmin SQL Dump
-- version 4.8.3
-- https://www.phpmyadmin.net/
--
-- Хост: 127.0.0.1:3306
-- Время создания: Фев 10 2020 г., 03:10
-- Версия сервера: 5.6.41
-- Версия PHP: 7.2.10

SET SQL_MODE = "NO_AUTO_VALUE_ON_ZERO";
SET AUTOCOMMIT = 0;
START TRANSACTION;
SET time_zone = "+00:00";


/*!40101 SET @OLD_CHARACTER_SET_CLIENT=@@CHARACTER_SET_CLIENT */;
/*!40101 SET @OLD_CHARACTER_SET_RESULTS=@@CHARACTER_SET_RESULTS */;
/*!40101 SET @OLD_COLLATION_CONNECTION=@@COLLATION_CONNECTION */;
/*!40101 SET NAMES utf8mb4 */;

--
-- База данных: `cinema`
--

-- --------------------------------------------------------

--
-- Структура таблицы `films`
--

CREATE TABLE `films` (
  `a_id` int(3) NOT NULL COMMENT 'id',
  `name_film` varchar(50) NOT NULL COMMENT 'Название фильма',
  `poster` varchar(150) NOT NULL COMMENT 'Постер',
  `description` text COMMENT 'Описание',
  `date_start` date NOT NULL COMMENT 'Дата начала показа',
  `date_end` date NOT NULL COMMENT 'Дата конца показа',
  `date_added` datetime NOT NULL DEFAULT CURRENT_TIMESTAMP COMMENT 'Дата публикации',
  `date_modication` datetime NOT NULL DEFAULT CURRENT_TIMESTAMP ON UPDATE CURRENT_TIMESTAMP COMMENT 'Дата модификации'
) ENGINE=InnoDB DEFAULT CHARSET=utf8 COMMENT='Список фильмов';

--
-- Дамп данных таблицы `films`
--

INSERT INTO `films` (`a_id`, `name_film`, `poster`, `description`, `date_start`, `date_end`, `date_added`, `date_modication`) VALUES
(1, 'Ёж Соник / Sonic the Hedgehog', '/images/poster/sonik.jpg', 'Культовый суперскоростной еж Соник на большом экране! Анимационный герой попадает в реальный мир и переходит дорогу очень плохим парням. Но где есть враги, там найдутся и друзья!\r\n\r\nИнтересные факты о мультфильме \"Ёж Соник\":\r\n3\r\n\r\n- Фильм основан на популярной серии игр про ежа Соника от компании Sega.\r\n\r\n- Сюжет \"Соника\" будет основан на новой линейке игр, а не классических частях 90-х.\r\n\r\n- На роль Тома рассматривались Том Круз, Кристиан Бэйл, Пол Радд, Оуэн Уилсон и Джек Блэк.', '2020-02-07', '2020-02-12', '2020-02-07 10:31:04', '2020-02-09 11:45:14'),
(2, 'Ёж Соник2 / Sonic the Hedgehog2', '/images/poster/sonik2.jpg', 'Культовый суперскоростной еж Соник на большом экране! Анимационный герой попадает в реальный мир и переходит дорогу очень плохим парням. Но где есть враги, там найдутся и друзья!\r\n\r\nИнтересные факты о мультфильме \"Ёж Соник\":\r\n\r\n- Фильм основан на популярной серии игр про ежа Соника от компании Sega.\r\n\r\n- Сюжет \"Соника\" будет основан на новой линейке игр, а не классических частях 90-х.\r\n\r\n- На роль Тома рассматривались Том Круз, Кристиан Бэйл, Пол Радд, Оуэн Уилсон и Джек Блэк.', '2020-02-13', '2020-02-19', '2020-02-07 10:51:14', '2020-02-09 14:04:17'),
(7, 'Джуманджи: Следующий уровень', '/images/poster/jumnji.jpg', 'Новые правила и новый уровень в фантастической игре Джуманджи. Для выживания в жестких условиях, героям предстоит примерить новые спонтанные роли, открыть новую реальность и бросить вызов новым угрозам.\r\n\r\nИнтересные факты о фильме \"Джуманджи: Следующий уровень\":\r\n\r\n- Во время съемок Джек Блэк вел закулисный видео-журнал для своего канала на YouTube \"Jablinski Games\".\r\n\r\n- Как и первый фильм, \"Джуманджи: Следующий уровень\" выйдет в прокат за неделю до фильма \"Звездные войны\". \"Джуманджи: Зов джунглей\", вышел за неделю до старта \"Звёздные войны: Последние джедаи\" (2017), а эта картина выйдет перед стартом \"Звездные войны: Восхождение Скайуокера\" (2019).\r\n\r\n- Фильм частично снят в Glamis Dunes в Калифорнии.', '2020-02-09', '2020-02-20', '2020-02-09 15:48:14', '2020-02-09 12:03:29');

-- --------------------------------------------------------

--
-- Структура таблицы `seances`
--

CREATE TABLE `seances` (
  `id_seance` int(11) NOT NULL,
  `time` varchar(10) NOT NULL,
  `a_order` int(3) NOT NULL DEFAULT '0'
) ENGINE=InnoDB DEFAULT CHARSET=utf8;

--
-- Дамп данных таблицы `seances`
--

INSERT INTO `seances` (`id_seance`, `time`, `a_order`) VALUES
(1, '00:00', 0),
(2, '02:00', 2),
(3, '01:00', 1),
(4, '07:00', 3),
(5, '08:00', 4),
(6, '09:00', 5),
(7, '10:00', 6),
(8, '11:00', 7),
(9, '12:00', 8),
(10, '13:00', 9),
(11, '14:00', 10),
(12, '15:00', 11),
(13, '16:00', 12),
(14, '17:00', 13),
(15, '18:00', 14),
(16, '19:00', 15),
(17, '20:00', 16),
(18, '21:00', 17),
(19, '22:00', 18),
(20, '23:00', 19);

-- --------------------------------------------------------

--
-- Структура таблицы `seances_to_film`
--

CREATE TABLE `seances_to_film` (
  `id_film` int(3) NOT NULL,
  `id_seances` int(3) NOT NULL
) ENGINE=InnoDB DEFAULT CHARSET=utf8;

--
-- Дамп данных таблицы `seances_to_film`
--

INSERT INTO `seances_to_film` (`id_film`, `id_seances`) VALUES
(1, 6),
(1, 7),
(1, 9),
(1, 11),
(1, 13),
(1, 15),
(1, 17),
(1, 18),
(1, 19),
(2, 7),
(2, 9),
(2, 11),
(2, 13),
(2, 15),
(2, 17),
(2, 19),
(7, 7),
(7, 9),
(7, 11),
(7, 13),
(7, 15),
(7, 17);

-- --------------------------------------------------------

--
-- Структура таблицы `tikets`
--

CREATE TABLE `tikets` (
  `a_id` int(12) UNSIGNED NOT NULL,
  `id_film` int(12) UNSIGNED NOT NULL,
  `date_cinema` date NOT NULL,
  `seance` int(1) UNSIGNED NOT NULL,
  `cinema_seat` int(2) UNSIGNED NOT NULL,
  `email` varchar(50) NOT NULL,
  `phone` varchar(13) NOT NULL,
  `date_added` timestamp NOT NULL DEFAULT CURRENT_TIMESTAMP,
  `date_modication` timestamp NOT NULL DEFAULT CURRENT_TIMESTAMP ON UPDATE CURRENT_TIMESTAMP
) ENGINE=InnoDB DEFAULT CHARSET=utf8;

--
-- Дамп данных таблицы `tikets`
--

INSERT INTO `tikets` (`a_id`, `id_film`, `date_cinema`, `seance`, `cinema_seat`, `email`, `phone`, `date_added`, `date_modication`) VALUES
(1, 2, '2020-02-13', 9, 22, '22@1.ru', '+38011111115', '2020-02-06 22:28:10', '2020-02-09 13:17:10'),
(2, 2, '2020-02-13', 9, 11, '15@1.ru', '+38011111111', '2020-02-06 22:28:10', '2020-02-09 13:17:05'),
(3, 1, '2020-02-08', 9, 30, '12@1.ru', '+38011111112', '2020-02-06 22:28:18', '2020-02-08 17:36:44'),
(4, 2, '2020-02-13', 11, 10, '15@1.ru', '+38011111111', '2020-02-06 22:28:18', '2020-02-09 13:17:14'),
(5, 1, '2020-02-07', 9, 30, '12@1.ru', '+38011111112', '2020-02-06 22:28:18', '2020-02-08 17:36:44'),
(6, 1, '2020-02-07', 9, 31, '12@1.ru', '+38011111112', '2020-02-06 22:28:18', '2020-02-08 17:36:44'),
(7, 1, '2020-02-07', 9, 32, '12@1.ru', '+38011111112', '2020-02-06 22:28:18', '2020-02-08 17:36:44'),
(8, 1, '2020-02-07', 9, 1, 'mail@1.ru', '+38011111112', '2020-02-09 20:46:14', '2020-02-10 00:08:47'),
(9, 1, '2020-02-07', 9, 2, 'mail@1.ru', '+38011111112', '2020-02-09 20:46:14', '2020-02-10 00:08:50'),
(10, 1, '2020-02-07', 9, 3, 'mail@1.ru', '+38011111112', '2020-02-09 20:46:14', '2020-02-10 00:08:52'),
(11, 1, '2020-02-07', 9, 11, '56785678', '+38011111112', '2020-02-09 21:00:18', '2020-02-10 00:08:54'),
(12, 1, '2020-02-07', 9, 12, '56785678', '+38011111112', '2020-02-09 21:00:18', '2020-02-10 00:08:56'),
(13, 1, '2020-02-07', 9, 13, '56785678', '+38011111127', '2020-02-09 21:00:18', '2020-02-10 00:09:47'),
(14, 1, '2020-02-07', 9, 14, '56785678', '+38011111127', '2020-02-09 21:00:18', '2020-02-10 00:09:46'),
(15, 1, '2020-02-07', 9, 15, '56785678', '+38011111127', '2020-02-09 21:00:18', '2020-02-10 00:09:45'),
(16, 1, '2020-02-08', 9, 1, '1@1.ru', '+38011111127', '2020-02-09 21:18:38', '2020-02-10 00:09:44'),
(17, 1, '2020-02-08', 9, 2, '1@1.ru', '+38011111127', '2020-02-09 21:18:38', '2020-02-10 00:09:43'),
(18, 1, '2020-02-08', 9, 5, '1@1.ru', '+38011111127', '2020-02-09 21:18:38', '2020-02-10 00:09:41'),
(19, 1, '2020-02-07', 7, 1, '1@1.ru', '+38011111127', '2020-02-09 21:21:52', '2020-02-10 00:09:40'),
(20, 1, '2020-02-07', 7, 2, '1@1.ru', '+38011111127', '2020-02-09 21:21:52', '2020-02-10 00:09:39'),
(21, 1, '2020-02-07', 9, 4, '1@1.ru', '+38011111127', '2020-02-09 21:41:13', '2020-02-10 00:09:38'),
(22, 1, '2020-02-07', 9, 5, '1@1.ru', '+38011111127', '2020-02-09 21:41:13', '2020-02-10 00:09:37'),
(23, 1, '2020-02-07', 7, 4, '2@1.ru', '+38011111127', '2020-02-09 21:45:04', '2020-02-10 00:09:36'),
(24, 1, '2020-02-07', 7, 5, '2@1.ru', '+38011111127', '2020-02-09 21:45:04', '2020-02-10 00:09:35'),
(25, 1, '2020-02-07', 7, 6, '2@1.ru', '+38011111127', '2020-02-09 21:45:04', '2020-02-10 00:09:33'),
(26, 1, '2020-02-07', 7, 7, '123@1.ru', '+38011111123', '2020-02-09 21:49:59', '2020-02-10 00:09:26'),
(27, 1, '2020-02-07', 7, 8, '123@1.ru', '+38011111123', '2020-02-09 21:49:59', '2020-02-10 00:09:25'),
(28, 1, '2020-02-07', 11, 45, '2342@3.ua', '+38011111123', '2020-02-09 21:55:35', '2020-02-10 00:09:24'),
(29, 1, '2020-02-07', 11, 46, '2342@3.ua', '+38011111123', '2020-02-09 21:55:35', '2020-02-10 00:09:22'),
(30, 1, '2020-02-07', 11, 47, '2342@3.ua', '+38011111123', '2020-02-09 21:55:35', '2020-02-10 00:09:20'),
(31, 1, '2020-02-07', 7, 9, '123@1.ua', '+38011111123', '2020-02-09 21:56:58', '2020-02-10 00:09:18'),
(32, 1, '2020-02-07', 7, 10, '123@1.ua', '+38011111123', '2020-02-09 21:56:58', '2020-02-10 00:09:11');

--
-- Индексы сохранённых таблиц
--

--
-- Индексы таблицы `films`
--
ALTER TABLE `films`
  ADD PRIMARY KEY (`a_id`);

--
-- Индексы таблицы `seances`
--
ALTER TABLE `seances`
  ADD PRIMARY KEY (`id_seance`);

--
-- Индексы таблицы `seances_to_film`
--
ALTER TABLE `seances_to_film`
  ADD KEY `id_film` (`id_film`,`id_seances`);

--
-- Индексы таблицы `tikets`
--
ALTER TABLE `tikets`
  ADD PRIMARY KEY (`a_id`);

--
-- AUTO_INCREMENT для сохранённых таблиц
--

--
-- AUTO_INCREMENT для таблицы `films`
--
ALTER TABLE `films`
  MODIFY `a_id` int(3) NOT NULL AUTO_INCREMENT COMMENT 'id', AUTO_INCREMENT=8;

--
-- AUTO_INCREMENT для таблицы `seances`
--
ALTER TABLE `seances`
  MODIFY `id_seance` int(11) NOT NULL AUTO_INCREMENT, AUTO_INCREMENT=21;

--
-- AUTO_INCREMENT для таблицы `tikets`
--
ALTER TABLE `tikets`
  MODIFY `a_id` int(12) UNSIGNED NOT NULL AUTO_INCREMENT, AUTO_INCREMENT=33;
COMMIT;

/*!40101 SET CHARACTER_SET_CLIENT=@OLD_CHARACTER_SET_CLIENT */;
/*!40101 SET CHARACTER_SET_RESULTS=@OLD_CHARACTER_SET_RESULTS */;
/*!40101 SET COLLATION_CONNECTION=@OLD_COLLATION_CONNECTION */;
